﻿<?xml version="1.0" encoding="UTF-8"?>
<!DOCTYPE index-profile SYSTEM "index-profile-5.3.dtd">

<!-- 1.0.5 Changes -->
<!-- TRAC 497 - Set nghasreview to index. -->

<!-- 1.0.6 Changes -->
<!-- TFS 362 - Set HasAward to indexed (Changed all has flags...) -->
<!-- TFS 369 - Added new fields nghasacceleratedreader and nghasreadingcounts -->

<!-- 1.0.7 -->
<!-- TFS 718 - Index ngbooktypeliteral -->
<!-- TFS 82 - Return ngresponsiblepartys in view -->

<!-- 1.0.8 -->
<!-- Added support for Search Type Ahead -->

<!-- 1.0.9 -->
<!-- Add support search by Pub-D and Pub-I (publisher) -->
<!-- 1.0.10 -->
<!-- Add support search by synopsis -->

<!-- 1.0.11 -->
<!-- Add Search Type Ahead support -->
<!-- 1.0.12 -->
<!-- Add Academic Subject and Library Subject -->
<!-- NG50 - Changed ngdemandweight to a string -->
<!-- NG50 - Enabled Lemmas on ngbisacsubject field -->
<!-- NG50 - Enabled Lemmas on NG Composite field. -->
<!-- 2012-05-03 -->
<!-- NG32 - Add ngmarketrestrictioncode field. -->
<!-- TS360 R2.0a Add new fields: esupplier, form detail, purchase option-->
<!-- 2012-07-24 -->
<!-- Axis360 - EPub changes- Add status field with value "D" or "A". -->
<!-- 2012-07-25 -->
<!-- TS360 - Paw Print changes- Add SupplierCode field. -->

<index-profile name="default">

  <!-- Flat fields. -->
  <field-list sort-xnear-stop-word-threshold="2E8">

    <!-- Standard fields. -->
    <field name="title" fullsort="yes" tokenize="auto" result="dynamic" fallback-ref="title">
      <vectorize default="10:0"/>
    </field>
    <field name="body" tokenize="auto" max-index-size="8192" max-result-size="1024" fallback-ref="teaser" result="dynamic" index="no">
      <vectorize default="5:5" alternative="{ko,zh,szh,tzh}:5:0"/>
    </field>
    <field name="teaser" index="no"/>
    <field name="headings" tokenize="auto"/>
    <field name="description" element-name="meta_description" tokenize="auto" result="no"/>
    <field name="anchortext" tokenize="auto" result="no"/>
    <field name="keywords" element-name="meta_keywords" tokenize="auto" result="no"/>
    <field name="contenttype" element-name="mime"/>
    <field name="format" boundary-match="yes"/>
    <field name="language"/>
    <field name="languages" separator=";"/>
    <field name="charset"/>
    <field name="urls"/>
    <field name="url" index="no"/>
    <field name="domain" element-name="url.domain" result="no"/>
    <field name="tld" element-name="url.tld" result="no"/>
    <field name="path" element-name="url.path" result="no"/>
    <field name="urlkeywords" element-name="url.keywords" result="no"/>
    <field name="crawltime" type="datetime" fullsort="yes"/>
    <field name="processingtime" type="datetime" fullsort="yes"/>
    <field name="docdatetime" type="datetime" fullsort="yes"/>
    <field name="size" type="int32" fullsort="yes"/>
    <field name="docvector" index="no"/>

    <!--  Axis 360 Fields -->
    <field name="isbn13"/>
    <field name="btkey"/>
    <field name="eformat"/>
    <field name="responsibleparties" separator="#"/>
    <field name="primaryauthor">
      <fullsort profile="generic" />
    </field>
    <field name="pubdate" type="datetime" fullsort="yes"/>
    <field name="series" />
    <field name="publisher"/>
    <field name="listprice" type="int32" fullsort="yes"/>
    <field name="pricekey"/>
    <field name="bisacscode" separator="#" boundary-match="yes"/>
    <field name="bisacsdesc" separator="#" boundary-match="yes"/>
    <field name="genre" boundary-match="yes" />
    <field name="gradelevel"/>
    <field name="created" type="datetime" />
    <field name="updated" type="datetime" />
    <field name="synopsis" type="string" />
    <field name="libraryid" separator="#" />
    <field name="availlibrary" separator="#" />
    <field name="userrating" type="float" fullsort="yes" />
    <field name="dateadded" type="datetime" />
    <field name="subject" />
    <field name="eformatliteral" />
    <field name="languagedesc" />
    <field name="audiencedesc" />

    <!-- 2011-10-25 -->
    <field name="imprintdesc" />
    <!-- 2012-01-06 -->
    <field name="blioattributes" />
    <field name="filesize" />
    <field name="relatedbtkeys" />
    <field name="status" />
    <!--  End Axis 360 Fields -->

    <!-- Future Axis Fields -->
    <field name="axstring1" />
    <field name="axstring2" />
    <field name="axstring3" />
    <field name="axstring4" />
    <field name="axfloat1" type="float"/>
    <field name="axfloat2" type="float"/>
    <field name="axdatetime1" type="datetime"/>
    <field name="axdatetime2" type="datetime"/>
    <field name="axint1" type="int32" />
    <field name="axint2" type="int32" />
    <!-- End Future Axis Fields -->

    <!-- NextGen Fields -->
    <field name="ngcreated" type="datetime" index="no" />
    <field name="ngupdated" type="datetime" index="no" />

    <field name="ngisbn" fullsort="yes" />
    <field name="ngisbn10" />
    <field name="ngbtkey" />
    <field name="ngbtekey" />
    <field name="ngproductcode" index="no" />
    <field name="ngproducttype" separator="#"  boundary-match="yes"/>
    <field name="ngformatcode" />
    <field name="ngformatliteral">
      <fullsort profile="generic" />
    </field>
    <field name="ngincludedformats" separator="#" boundary-match="no"/>
    <field name="ngaudience" boundary-match="yes" />
    <field name="ngdeweyrange"  boundary-match="yes" />
    <field name="ngdeweyprefix" type="int32" fullsort="yes" />
    <field name="ngdeweynative" boundary-match="yes" />
    <field name="ngdeweynormalized" />
    <field name="nglcclassprefix" boundary-match="yes"/>
    <field name="nglcclass" boundary-match="yes"/>
    <field name="ngbisacsubject" separator="#" boundary-match="yes" lemmatize="yes"/>
    <field name="ngbisacsubject1" boundary-match="yes" />
    <field name="ngpublisher" boundary-match="yes">
      <fullsort profile="generic" />
    </field>
    <field name="ngsearchdate" type="datetime" fullsort="yes" />
    <field name="ngpubdate" type="datetime" fullsort="yes"/>
    <field name="ngstreetdate" type="datetime" />
    <field name="ngpubdaterange" />
    <field name="nglanguagecode" />
    <field name="nglanguageliteral" />
    <field name="ngecontentplatform" />
    <field name="ngmerchcategory" />
    <field name="ngupc" fullsort="yes" />
    <field name="ngleadingarticle" index="no" />
    <field name="ngtitle" tokenize="auto" lemmatize="yes" boundary-match="yes">
      <fullsort profile="generic" />
    </field>
    <field name="ngsubtitle" tokenize="auto" lemmatize="yes"/>
    <field name="ngresponsiblepartyprimary" boundary-match="yes">
      <fullsort profile="generic" />
    </field>
    <field name="ngresponsiblepartys" separator="#" boundary-match="yes"/>
    <field name="nglistprice" type="float" fullsort="yes"/>
    <field name="ngedition" />
    <field name="ngreadingcount" separator="#"  boundary-match="yes" />
    <field name="ngacceleratedreader" separator="#"/>
    <field name="nglabel" />
    <field name="ngmoviegenre" />
    <field name="ngmusicgenre" />
    <field name="ngrating" />
    <field name="ngreviewpublicationcodes" separator="#" />
    <field name="ngreviewpublicationliterals" separator="#" boundary-match="no" />
    <field name="ngmarketcode" />
    <field name="ngproductstatus" />
    <field name="nglccn" />
    <field name="ngvolumenumber" index="no" />
    <field name="ngoclccontrolnumber" index="no" />
    <field name="nglexileprefix" />
    <field name="nglexilevalue" type="int32" />
    <field name="ngproductline" index="no" />
    <field name="ngpublicationrange" />
    <field name="ngdemandweight"  />
    <field name="nginventoryweight" type="int32" />
    <field name="ngparentaladvisory" type="int32" />
    <field name="ngstudio" />
    <field name="ngbooktypecode" />
    <field name="ngbooktypeliteral" boundary-match="yes" />
    <field name="ngreturnindicator" type="int32" />
    <field name="ngreportcode" />
    <field name="ngseries" />
    <field name="ngtocs" boundary-match="yes"/>
    <field name="ngreviewtext" />
    <field name="ngannotations" />
    <field name="ngproductfeatures" separator="#" />
    <field name="nghasannotation" type="int32" />
    <field name="nghasexcerpt" type="int32" />
    <field name="nghastoc" type="int32" />
    <field name="nghasjacket" type="int32" />
    <field name="nghasmuze" type="int32" />
    <field name="nghasreview" type="int32" />
    <field name="nghasbibliography" type="int32" />
    <field name="nghasflap" type="int32" />
    <field name="nghasdemandhistory" type="int32" />
    <field name="nghascpsiawarning" type="int32" />
    <field name="nghascitation" type="int32" />
    <field name="nghasaward" type="int32" />
    <field name="ngproductcatalog" />
    <field name="ngacceptablediscount" type="float" />
    <field name="ngpreorderdate" type="datetime" fullsort="yes"/>

    <!-- Added 8/18/11 TFS 34-->
    <field name="ngactor"  boundary-match="yes" />
    <field name="ngillustrator" boundary-match="yes" />
    <field name="ngnarrator"  boundary-match="yes" />
    <field name="ngalbum"  boundary-match="yes" />
    <field name="ngsupplier" boundary-match="yes" />

    <!-- Added 9/8/11 -->
    <field name="ngshorttitle" lemmatize="yes" boundary-match="yes">
      <fullsort profile="generic" />
    </field>
    <field name="nggeneralsubjects" boundary-match="yes"/>

    <!-- Added 9/14/11 -->
    <field name="ngawards"/>
    <field name="ngbibliographies" />
    <field name="ngcontinuationseries"/>

    <!-- Added 9-17-11 -->
    <field name="ngprimaryattributes"/>

    <!-- Added 10-11-11 -->
    <field name="nghasacceleratedreader" type="int32" />
    <field name="nghasreadingcounts" type="int32" />

    <!-- Added 10-25-11 -->
    <!-- Auto Suggest -->
    <field name="ngqueryterms" wildcard="full" />
    <field name="ngquerytermsrank" type="int32" fullsort="yes" />
    <!-- Added 04-11-12 -->
    <field name="ngquerytermdemandweight" />

    <!-- Added 2-13-12 -->
    <!-- Demand Boosting -->
    <field name="ngdemandbucket" />

    <!-- Added 02-17-2012 -->
    <field name="ngacademicsubjects" boundary-match="yes" separator="/" />
    <field name="nglibrarysubjects" boundary-match="yes" separator=";" />
    <!-- Added 05-03-2012 NG32-->
    <field name="ngmarketrestrictioncode" />

    <!-- Added 05-30-2012-->
    <field name="ngesupplier" />
    <field name="ngformdetail" />
    <field name="ngpurchaseoption" />

    <!-- Added 07-25-2012-->
    <field name="ngsuppliercode" />
    <!-- Added 08-31-2012 -->
	<field name="ngpricekey" />
    <!-- Future NextGen Fields -->
    <field name="ngstring1" boundary-match="yes">
      <fullsort profile="generic" />
    </field>
    <field name="ngstring2" />
    <field name="ngstring3" />
    <field name="ngstring4" />
    <field name="ngfloat1" type="float"/>
    <field name="ngfloat2" type="float"/>
    <field name="ngdatetime1" type="datetime" fullsort="yes"/>
    <field name="ngdatetime2" type="datetime"/>
    <field name="ngint1" type="int32" />
    <field name="ngint2" type="int32" />
    <!-- End Future NextGen Fields -->

  </field-list>

  <!-- End NextGen Fields -->

  <!-- Scope fields. -->
  <scope-field-list>
    <scope-field name="xml" result="dynamic"/>
  </scope-field-list>
  <!-- Axis360 composite field. -->
  <composite-field name="content" default="yes" query-tokenize="auto">
    <field-ref name="title" level="1" field-separation-length="256"/>
    <field-ref name="responsibleparties" level="2" field-separation-length="256"/>
    <field-ref name="isbn13" level="3" field-separation-length="256"/>
    <field-ref name="bisacsdesc" level="2"  field-separation-length="256"/>

    <!-- 2011-20-25 support search by Pub-I and Pub-D -->
    <field-ref name="publisher" level="3" field-separation-length="256"/>
    <field-ref name="imprintdesc" level="3" field-separation-length="256"/>
    <!-- 2011-20-28 suppor search by synopsis-->
    <field-ref name="synopsis" level="3" field-separation-length="256"/>
  </composite-field>

  <!-- NextGen Composite Field -->
  <composite-field name="ngcontent" default="no" query-tokenize="auto" lemmas="yes">
    <field-ref name="ngtitle" level="2" field-separation-length="256"/>
    <field-ref name="ngsubtitle" level="2" field-separation-length="256"/>
    <field-ref name="ngresponsiblepartys" level="2" field-separation-length="256"/>
    <field-ref name="ngbisacsubject" level="2" field-separation-length="256"/>
    <field-ref-group name="ngfieldgroup" >
      <field-ref name="ngbtkey" level="1" field-separation-length="256"/>
      <field-ref name="ngisbn" level="1" field-separation-length="256"/>
      <field-ref name="ngisbn10" level="1" field-separation-length="256"/>
      <field-ref name="ngupc" level="1" field-separation-length="256"/>
      <field-ref name="ngseries" level="2" field-separation-length="256"/>
    </field-ref-group>
  </composite-field>

  <!-- AutoSuggest composite field-->
  <composite-field name="autosuggestcontent" default="no" query-tokenize="auto">
    <field-ref name="ngqueryterms" level="1" field-separation-length="256"/>
  </composite-field>

  <!-- Axis 360 Rank profile. -->
  <rank-profile name="default" rank-model="default" default="yes"
                stop-word-threshold="2E6"
                position-stop-word-threshold="2E7">
    <authority weight="0"/>
    <freshness weight="0" field-ref="docdatetime" auto="yes"/>
    <composite-rank composite-field-ref="content">
      <proximity weight="50"/>
      <context weight="50">
        <field-weight field-ref="responsibleparties" value="30"/>
        <field-weight field-ref="title" value="40"/>
        <field-weight field-ref="isbn13" value="5"/>
        <field-weight field-ref="bisacsdesc" value="20"/>
        <!-- 2011-10-25 support search by Pub-I and Pub-D -->
        <field-weight field-ref="imprintdesc" value="5"/>
        <field-weight field-ref="publisher" value="5"/>
        <!-- 2011-10-28 support search by synopsis -->
        <field-weight field-ref="synopsis" value="5"/>
      </context>
    </composite-rank>
  </rank-profile>

  <!-- NextGen Rank Profile -->
  <rank-profile name="ngproducts" rank-model="ecommerce"
                stop-word-threshold="2E6"
                position-stop-word-threshold="2E7">
    <authority weight="0"/>
    <freshness weight="0" field-ref="docdatetime" auto="yes"/>
    <composite-rank composite-field-ref="ngcontent">
      <proximity weight="50" />
      <context weight="50">
        <field-weight field-ref="ngtitle" value="20"/>
        <field-weight field-ref="ngsubtitle" value="10"/>
        <field-weight field-ref="ngresponsiblepartys" value="20"/>
        <field-weight field-ref="ngbisacsubject" value="10"/>
        <field-weight field-ref="ngfieldgroup" value="0"/>
      </context>
    </composite-rank>
  </rank-profile>

  <!--AutoSuggest rank profile-->
  <rank-profile name="autosuggest" rank-model="default" stop-word-threshold="2E6" position-stop-word-threshold="2E7" default="no">
    <authority weight="0"/>
    <freshness weight="0"/>
    <composite-rank composite-field-ref="autosuggestcontent">
      <proximity weight="100" />
      <context weight="100">
        <field-weight field-ref="ngqueryterms" value="5"/>
      </context>
    </composite-rank>
  </rank-profile>

  <!-- Result processing specifications.-->
  <result-specification>
    <!-- Axis 360 Navigators -->
    <numeric-navigator name="listprice" display="List Price" divisor="1" intervals="5" resolution="1">
      <field-ref name="listprice"/>
      <range-label type="first" format="Less than $%.0f"/>
      <range-label type="middle" format="Between $%.0f and $%.0f"/>
      <range-label type="last" format="More than $%.0f"/>
      <ignore-value value="0"/>
    </numeric-navigator>
    <numeric-navigator name="pubdate" display="Publication Date" intervals="4" resolution="1440">
      <field-ref name="pubdate"/>
      <range-label type="first" format="Before %.10s"/>
      <range-label type="middle" format="Between %.10s and %.10s"/>
      <range-label type="last" format="%.10s or after"/>
    </numeric-navigator>
    <string-navigator name="publishernavigator" display="Publisher">
      <field-ref name="publisher"/>
    </string-navigator>
    <string-navigator name="bisacsdescnavigator" display="Subject" sort-by="name" sort-order="ascending" deep="yes" filter-buckets="10000">
      <field-ref name="bisacsdesc"/>
    </string-navigator>
    <string-navigator name="responsiblepartiesnavigator" display="Contributors">
      <field-ref name="responsibleparties"/>
    </string-navigator>
    <string-navigator name="languagenavigator" display="Language">
      <field-ref name="languagedesc"/>
    </string-navigator>
    <string-navigator name="audiencenavigator" display="Audience">
      <field-ref name="audiencedesc"/>
    </string-navigator>
    <string-navigator name="includedformatnavigator" display="Format">
      <field-ref name="eformatliteral"/>
    </string-navigator>
    <!-- End Axis360 Navigators -->

    <!-- NextGen Navigators -->
    <string-navigator name="ngproducttypenavigator" display="Product Type" deep="yes">
      <field-ref name="ngproducttype"/>
    </string-navigator>

    <string-navigator name="ngincludedformatnavigator" display="Included Format">
      <field-ref name="ngincludedformats"/>
    </string-navigator>

    <string-navigator name="ngaudiencenavigator" display="Audience" sort-by="name" sort-order="ascending" deep="yes" >
      <field-ref name="ngaudience"/>
    </string-navigator>

    <string-navigator name="ngdeweyrangenavigator" display="Dewey Range" deep="yes">
      <field-ref name="ngdeweyrange"/>
    </string-navigator>

    <string-navigator name="nglcclassnavigator" display="LC Classification">
      <field-ref name="nglcclassprefix"/>
    </string-navigator>

    <string-navigator name="ngsubjectnavigator" display="Subject" sort-by="name" sort-order="ascending" deep="yes" filter-buckets="10000" cutoff-maxbuckets="10000">
      <field-ref name="ngbisacsubject1"/>
    </string-navigator>

    <string-navigator name="ngpubdaterangenavigator" display="Publication Range">
      <field-ref name="ngpublicationrange"/>
    </string-navigator>

    <string-navigator name="nglanguagenavigator" display="Language">
      <field-ref name="nglanguageliteral"/>
    </string-navigator>

    <string-navigator name="ngecontentplatformnavigator" display="eContent Platform">
      <field-ref name="ngecontentplatform"/>
    </string-navigator>

    <string-navigator name="ngmerchcatnavigator" display="Merchant Category">
      <field-ref name="ngmerchcategory"/>
    </string-navigator>

    <string-navigator name="ngreadcountnavigator" display="Reading Counts" deep="yes">
      <field-ref name="ngreadingcount"/>
    </string-navigator>

    <string-navigator name="ngaccelreadernavigator" display="Accelerated Reader">
      <field-ref name="ngacceleratedreader"/>
    </string-navigator>

    <string-navigator name="ngmoviegenrenavigator" display="Movie Genre">
      <field-ref name="ngmoviegenre"/>
    </string-navigator>

    <string-navigator name="ngmusicgenrenavigator" display="Music Genre">
      <field-ref name="ngmusicgenre"/>
    </string-navigator>

    <string-navigator name="ngmusicmovieratingnavigator" display="Rating">
      <field-ref name="ngrating"/>
    </string-navigator>

    <string-navigator name="ngreviewpubnavigator" display="Review Publication" sort-by="name" sort-order="ascending" deep="yes">
      <field-ref name="ngreviewpublicationliterals"/>
    </string-navigator>

    <string-navigator name="ngproductfeaturesnavigator" display="Product Features">
      <field-ref name="ngproductfeatures"/>
    </string-navigator>

    <!-- Added 6/15/2012 -->
    <string-navigator name="ngesuppliernavigator" display="ESupplier">
      <field-ref name="ngesupplier"/>
    </string-navigator>
    <string-navigator name="ngformdetailnavigator" display="Form Detail">
      <field-ref name="ngformdetail"/>
    </string-navigator>
    <string-navigator name="ngpurchaseoptionnavigator" display="Purchase Option">
      <field-ref name="ngpurchaseoption"/>
    </string-navigator>

    <!-- End NextGen Navigators -->

    <result-view name="ngsearch">
      <field-ref name="ngbtkey" />
      <field-ref name="ngbtekey" />
      <field-ref name="ngisbn" />
      <field-ref name="ngisbn10" />
      <field-ref name="ngproductcode"/>
      <field-ref name="ngproducttype"/>
      <field-ref name="ngformatliteral" />
      <field-ref name="ngaudience" />
      <field-ref name="ngdeweynative"/>
      <field-ref name="ngdeweynormalized" />
      <field-ref name="nglcclass" />
      <field-ref name="ngbisacsubject1" />
      <field-ref name="ngpubdate"/>
      <field-ref name="ngstreetdate" />
      <field-ref name="nglanguageliteral" />
      <field-ref name="ngupc"  />
      <field-ref name="ngleadingarticle" />
      <field-ref name="ngtitle"/>
      <field-ref name="ngsubtitle" />
      <field-ref name="ngresponsiblepartyprimary"  />
      <field-ref name="ngresponsiblepartys" />
      <field-ref name="nglistprice" />
      <field-ref name="ngedition" />
      <field-ref name="nglccn" />
      <field-ref name="ngvolumenumber" />
      <field-ref name="ngoclccontrolnumber" />
      <field-ref name="nglexileprefix" />
      <field-ref name="nglexilevalue" />
      <field-ref name="ngproductline"/>
      <field-ref name="ngparentaladvisory" />
      <field-ref name="ngstudio" />
      <field-ref name="ngbooktypeliteral" />
      <field-ref name="ngreturnindicator" />
      <field-ref name="ngreportcode" />
      <field-ref name="ngseries" />
      <field-ref name="nghasannotation"/>
      <field-ref name="nghasexcerpt" />
      <field-ref name="nghastoc" />
      <field-ref name="nghasjacket" />
      <field-ref name="nghasmuze" />
      <field-ref name="nghasreview" />
      <field-ref name="nghasbibliography"  />
      <field-ref name="nghasflap"/>
      <field-ref name="nghasdemandhistory"  />
      <field-ref name="nghascpsiawarning"  />
      <field-ref name="nghascitation" />
      <field-ref name="nghasaward" />
      <field-ref name="ngproductcatalog" />
      <field-ref name="ngacceptablediscount" />
      <field-ref name="nglabel" />
      <field-ref name="ngmoviegenre" />
      <field-ref name="ngmusicgenre" />
      <field-ref name="ngrating" />
      <field-ref name="ngpublisher" />
      <field-ref name="ngpreorderdate" />
      <field-ref name="ngmerchcategory" />
      <field-ref name="ngproductstatus" />

      <!-- Added 8/18/11 TFS 34-->
      <field-ref name="ngactor" />
      <field-ref name="ngillustrator" />
      <field-ref name="ngnarrator" />
      <field-ref name="ngalbum" />
      <field-ref name="ngsupplier" />

      <!-- Added 9/8/11 -->
      <field-ref name="ngshorttitle" />
      <field-ref name="nggeneralsubjects" />

      <!-- Added 9/14/11 -->
      <field-ref name="ngbibliographies"/>
      <field-ref name="ngawards"/>
      <field-ref name="ngcontinuationseries"/>

      <!-- Added 9-17-11 -->
      <field-ref name="ngprimaryattributes"/>

      <!-- Added 10-11-11 -->
      <field-ref name="nghasacceleratedreader" />
      <field-ref name="nghasreadingcounts" />
      <!-- Added 2012-02-17 -->
      <field-ref name="ngacademicsubjects"/>
      <field-ref name="nglibrarysubjects"/>
      <!-- Added 05-03-2012 NG32-->
      <field-ref name="ngmarketrestrictioncode" />
      <!-- Added 05-30-2012-->
      <field-ref name="ngesupplier" />
      <field-ref name="ngformdetail" />
      <field-ref name="ngpurchaseoption" />
      <!-- Added 07-25-2012-->
      <field-ref name="ngsuppliercode" />
	  <!-- Added 2012-08-31 -->
	  <field-ref name="ngpricekey" />
	  <!-- Added 2013-02-12 -->
	  <field-ref name="ngreadingcount" />
	  <field-ref name="ngacceleratedreader" />
    </result-view>

    <result-view name="axissearch">
      <field-ref name="title"/>
      <field-ref name="isbn13"/>
      <field-ref name="btkey"/>
      <field-ref name="eformat"/>
      <field-ref name="responsibleparties"/>
      <field-ref name="primaryauthor"/>
      <field-ref name="pubdate"/>
      <field-ref name="series" />
      <field-ref name="publisher"/>
      <field-ref name="listprice"/>
      <field-ref name="pricekey"/>
      <field-ref name="bisacscode"/>
      <field-ref name="bisacsdesc"/>
      <field-ref name="genre"/>
      <field-ref name="gradelevel"/>
      <field-ref name="created"/>
      <field-ref name="updated"/>
      <field-ref name="synopsis"/>
      <field-ref name="libraryid"/>
      <field-ref name="availlibrary"/>
      <field-ref name="userrating"/>
      <field-ref name="dateadded"/>
      <field-ref name="subject" />
      <field-ref name="language" />
      <!-- 2011-10-25 -->
      <field-ref name="imprintdesc" />
      <!-- 2012-01-06 -->
      <field-ref name="blioattributes" />
      <field-ref name="filesize" />
      <field-ref name="relatedbtkeys" />
      <!-- 2012-07-24 -->
      <field-ref name="status" />
    </result-view>

    <!-- Added 10-25-11 -->
    <!-- Auto Suggest -->
    <result-view name="autosuggest">
      <field-ref name="ngqueryterms"/>
      <field-ref name="ngquerytermsrank"/>
      <field-ref name="ngquerytermdemandweight"/>
    </result-view>

  </result-specification>

</index-profile>

