<!DOCTYPE FastConfig SYSTEM "E:/esp/etc/dtd/FastConfig-1.0.dtd">
<FastConfig>
  <description>
    <![CDATA[This file (or usually a copy of it) need to be configured with the right values for the connector to perform properly.  This configuration is persisted automatically to file from the user front end for either FAST ESP Admin GUI or FAST Connector Studio. ]]>
  </description>
  <group name="Input">
    <description>
      <![CDATA[The parameters in the "Input" group are defining properties of the sources from where the data will be fetched ]]>
    </description>
    <parameter name="JDBCDriver" type="string">
      <description>
        <![CDATA[JDBC driver class name. See JDBC driver documentation. Examples: <br>Oracle: oracle.jdbc.driver.OracleDriver <br>MS SQL 2k: com.microsoft.jdbc.sqlserver.SQLServerDriver <br>MS SQL 2005: com.microsoft.sqlserver.jdbc.SQLServerDriver <br>DB2 (UDB 8 JDBC): com.ibm.db2.jcc.DB2Driver <br>MySQL: com.mysql.jdbc.Driver <br>Sybase/MS SQL (jTDS) net.sourceforge.jtds.jdbc.Driver <br>Default: (none)]]>
      </description>
      <value><![CDATA[com.microsoft.sqlserver.jdbc.SQLServerDriver]]></value>
    </parameter>
    <parameter name="JDBCURL" type="string">
      <description>
        <![CDATA[JDBC URL. See JDBC driver documentation for format. Examples: <br>Oracle: jdbc:oracle:thin:@yourServerHere:1521:yourDataBaseNameHere <br>MS SQL 2k: jdbc:microsoft:sqlserver://yourServerHere:1433;DatabaseName=yourDataBaseNameHere <br>MS SQL 2005: jdbc:sqlserver://yourServerHere:1433;database=yourDataBaseNameHere(default is 1433) <br>jTDS driver against MS SQL: jdbc:jtds:sqlserver://yourServerHere:1433/yourDataBaseNameHere<br>DB2 (UDB 8) JDBC: jdbc:db2://yourServerHere:50000/yourDatabaseNameHere<br>MySQL: jdbc:mysql://host:3306/yourDatabaseHere?param1=value1&amp;param2=value2 <br>jTDS driver against Sybase: jdbc:jtds:sybase://yourServerHere:<port>/yourDataBaseNameHere <br>Default: (none)]]>
      </description>
      <value><![CDATA[jdbc:sqlserver://128.11.98.245:1440;instanceName=REPOSITORYR11;DatabaseName=ProductCatalog;integratedSecurity=true]]></value>
    </parameter>
    <parameter name="JDBCPreSQL" type="list" separator=";">
      <description>
        <![CDATA[SQL statements that are run prior to running the extract statement. <br>Default: (none)]]>
      </description>
      <value></value>
    </parameter>
    <parameter name="JDBCSQL" type="string">
      <description>
        <![CDATA[SQL query to crawl against.  Note, any valid SQL is valid here.  <br>Use %TIMESTAMP% where last crawl time gets inserted as a datetime value.  <br>Use %TIMESTAMPSEC% where last crawl time gets inserted as number of seconds since epoch <br> Examples: <br> Oracle: SELECT * FROM tableName WHERE dateField > TO_TIMESTAMP('%TIMESTAMP%','yyyy-MM-DD"T"hh24:mi:ss')&nbsp; <br>Note that the time stamp format used must be as indicated here. <br>MS SQL Server: SELECT * from tableName WHERE dateField > convert(datetime,'%TIMESTAMP%',126)<br>select * from employees <br>Default: (none)]]>
      </description>
      <value><![CDATA[ProductCatalog.[dbo].procFASTGetNextGenProducts 100000]]></value>

    </parameter>
    <parameter name="JDBCSQLFile" type="string">
      <description>
        <![CDATA[Name of file (absolute path) containing SQL query to crawl against. Use if the query is too long for the GUI. <br>Default: (none)]]>
      </description>
      <value></value>
    </parameter>
    <parameter name="JDBCDeleteSQL" type="string">
      <description>
        <![CDATA[SQL query to delete against.  Note, any valid SQL is valid here.  <br>Use %TIMESTAMP% where last delete time gets inserted as a datetime value.  <br>Use %TIMESTAMPSEC% where last crawl time gets inserted as number of seconds since epoch <br> Examples: <br> Oracle: SELECT * FROM tableName WHERE dateField > TO_TIMESTAMP('%TIMESTAMP%','yyyy-MM-DD"T"hh24:mi:ss')&nbsp; <br>Note that the time stamp format used must be as indicated here. <br>MS SQL Server: SELECT * from tableName WHERE dateField > convert(datetime,'%TIMESTAMP%',126)<br>select * from employees <br>Default: (none)]]>
      </description>

      <value><![CDATA[]]></value>
    </parameter>
    <parameter name="JDBCPostSQL" type="list" separator=";">
      <description>
        <![CDATA[SQL statements that are run after the extract statement. <br>Default: (none)]]>
      </description>
      <value>ProductCatalog.[dbo].procFASTSetNextGenProductsBatchSuccess</value>
    </parameter>
    <parameter name="JDBCReadOnly" type="boolean">
      <description>
        <![CDATA[Read only property. Used as an optimization setting when setting up the JDBC driver. <br>Default: true]]>
      </description>
      <value>true</value>
    </parameter>
    <parameter name="JDBCTimeStampField" type="string">
      <description>
        <![CDATA[Timestamp field to use as the source for last crawl time when using time stamp based update detection. Give the name of the DB timestamp column as value. The highest value for the given attribute is set as the last crawl time. Note: using this field implies that a timestamp is extracted by the SQL statement. <br>Default: (none)]]>
      </description>
      <value></value>
    </parameter>
    <parameter name="JDBCTimeType" type="string">
      <description>
        <![CDATA[Choose date or seconds.<br>Default: date]]>
      </description>
      <value>date</value>
    </parameter>
    <parameter name="JDBCUpdateTimeStampOnFailure" type="boolean">
      <description>
        <![CDATA[If the connector receives error callbacks from ESP or there are missing callbacks, should the timestamp still file be updated? <br>Default: false]]>
      </description>
      <value>false</value>
    </parameter>
    <parameter name="JDBCUsername" type="string">
      <description>
        <![CDATA[Database username. <br>Default: (none)]]>
      </description>
      <value></value>
    </parameter>
    <parameter name="JDBCPassword" type="string">
      <description>
        <![CDATA[Database password. <br>Default: (none)]]>
      </description>
      <value></value>
    </parameter>
    <parameter name="JDBCFetchSizeHint" type="integer">
      <description>
        <![CDATA[Gives the JDBC driver a hint as to the number of rows that should be fetched from the database when more rows are needed. The number of rows specified affects only result sets created using this statement. If the value specified is zero, then the hint is ignored. <br>Default: 0]]>
      </description>
      <value>0</value>
    </parameter>
    <parameter name="JDBCCharacterEncoding" type="string">
      <description>
        <![CDATA[Encoding used in database. Relevant when the table contains character data (LONGVARCHAR type) <br>Default: UTF-8]]>
      </description>
      <value>UTF-8</value>
    </parameter>
    <parameter name="UseServerMode" type="boolean">
      <description>
        <![CDATA[If true, the connector enters a server mode and accepts update messages over an HTTP port. <br>Default: false]]>
      </description>
      <value>false</value>
    </parameter>
    <parameter name="JDBCDynamicSQL" type="string">
      <description>
        <![CDATA[SQL query to be run by the connector when running in server mode, for operations add and update. It is concatenated with the whereclause http request parameter that is used. <br>Example: SELECT * from employees where employeeid = <br>Default: (none)]]>
      </description>
      <value><![CDATA[ ]]></value>
    </parameter>
  </group>

  <group name="Transformation">
    <description>
      <![CDATA[The parameters in "Transformation" group are describing which data, and how data are transformed into the ESP document model. ]]>
    </description>
    <parameter name="JDBCPrimaryKeyField" type="string">
      <description>
        <![CDATA[The database view/table primary key.  Used to create the Fast Document ID. If GetValidFieldNames is true, you can also use the converted key name here (lowercase, only alphanumeric). If GetValidFieldNames is false, make sure that the use of case matches what comes back from the database in your SELECT statement. <br>Example: employeeid <br>Default: (none)]]>
      </description>
      <value>BTKEY</value>
    </parameter>
    <parameter name="JDBCDeletePrimaryKeyField" type="string">
      <description>
        <![CDATA[The database view/table primary key.  Used to Delete the Fast Document ID. <br>Default: (none)]]>
      </description>
      <value></value>
    </parameter>
    <parameter name="JDBCUseBytesForString" type="boolean">
      <description>
        <![CDATA[Create byte arrays instead of strings.  Workaround for some encoding issues. <br>Default: false]]>
      </description>
      <value>false</value>
    </parameter>
    <parameter name="UseMultiRowNormalizer" type="boolean">
      <description>
        <![CDATA[If true, values for columns of records with identical identifiers are merged. <br>Default: false]]>
      </description>
      <value>false</value>
    </parameter>
    <parameter name="JDBCAttributeColumn" type="string">
      <description>
        <![CDATA[For normalized tables, the column that contain attribute names. <br>Default: (none)]]>
      </description>
      <value></value>
    </parameter>
    <parameter name="JDBCValueColumn" type="string">
      <description>
        <![CDATA[For normalized tables, the column that contain attribute values. <br>Default: (none)]]>
      </description>
      <value></value>
    </parameter>
    <parameter name="JDBCMultiValueIncludeFields" type="string">
      <description><![CDATA[Semi colon separated list of column names that should be concatinated in the output. If this field is set, it'll override any settings to JDBCMultiValueSkipFields.]]></description>
      <value></value>
    </parameter>
    <parameter name="JDBCMultiValueSkipFields" type="string">
      <description>
        <![CDATA[Semi colon separated list of column names that have the same values in each row, and that should not be repeated in the output. <br>Default: (none)]]>
      </description>
      <value></value>
    </parameter>
    <parameter name="JDBCMultiValueSeparator" type="string">
      <description>
        <![CDATA[The separator to be used between values for the multi row normalizer. <br>Default: ;]]>
      </description>
      <value>;</value>
    </parameter>
  </group>

  <group name="Threading" expand="no">
    <description>
      <![CDATA[Configure threading options.]]>
    </description>
    <parameter name="EnableThreading" type="boolean">
      <description>
        <![CDATA[Set if threading should be enabled.]]>
      </description>
      <value>false</value>
    </parameter>
    <parameter name="ThreadCount" type="integer">
      <description>
        <![CDATA[Set the maximum number of allowed threads ( Default: 2 )]]>
      </description>
      <range>1-50</range>
      <value>2</value>
    </parameter>
    <parameter name="StartValue" type="integer">
      <description>
        <![CDATA[Set the start counter value.]]>
      </description>
      <value>0</value>
    </parameter>
    <parameter name="IncrementValue" type="integer">
      <description>
        <![CDATA[Set the increment value. ( Default: 1000 )]]>
      </description>
      <value>1000</value>
    </parameter>
    <parameter name="StopValue" type="integer">
      <description>
        <![CDATA[When the stop value is reached, to collector will stop. 0 Indicates no upper limit. The connector will stop when the resultset is empty.]]>
      </description>
      <value>0</value>
    </parameter>
  </group>

  <group name="Output" expand="no">
    <description>
      <![CDATA[The parameter in the "Output" group is defining the operation mode of the connector: Add/Update/Remove]]>
    </description>
    <parameter name="OperationMode" type="string">
      <description>
        <![CDATA[Must be one of add, or update. <br>Default: (add)]]>
      </description>
      <valid-values>add;update</valid-values>
      <value>add</value>
    </parameter>
  </group>

  <group name="ESPSubmit" expand="no">
    <description>
      <![CDATA[The parameters in the "ESPSubmit" group describe properties of the communication with ESP when submitting data.  ]]>
    </description>
    <parameter name="Collection" type="string" >
      <description>
        <![CDATA[Name of collection to feed to. <br>Default: (none)]]>
      </description>
      <value>nextgen01</value>
    </parameter>
    <parameter name="ContentDistributors" type="string" hidden="yes">
      <description>
        <![CDATA[Semi colon separated list of host:port pairs for existing content distributors. <br>Default: (none)]]>
      </description>
      <value>BTDEVESP.btdev.com:16100</value>
    </parameter>
    <parameter name="MaxBatchSize(KB)" type="integer">
      <description>
        <![CDATA[Max batch size in kilobytes. <br>Default: 1000]]>
      </description>
      <value>500</value>
    </parameter>
    <parameter name="MaxDocsInBatch" type="integer">
      <description>
        <![CDATA[Max number of documents in a batch. <br>Default: 100]]>
      </description>
      <value>25</value>
    </parameter>
    <parameter name="BatchSubmissionTimeoutSec" type="integer">
      <description>
        <![CDATA[The batchSubmissionTimeout setting configures the maximum time in seconds the Document Feeder should wait before submitting a batch to FAST ESP. <br>Default: 30]]>
      </description>
      <value>30</value>
    </parameter>
    <parameter name="MaxActiveDocuments(MB)" type="integer">
      <description>
        <![CDATA[Max memory usage by the feeder in megabytes. This parameter determines the maximum storage of documents used by the connector per publisher thread, but the total memopry usage may be 4 times this value. Please see the connector document for details.<br>Default: 50 ]]>
      </description>
      <value>50</value>
    </parameter>
    <parameter name="MaxRetries" type="integer">
      <description>
        <![CDATA[Maximum number of retries for a document that has failed. <br>Default: 3]]>
      </description>
      <value>3</value>
    </parameter>
    <parameter name="TimeOut" type="integer">
      <description>
        <![CDATA[Number of minutes to wait from a document is submitted to FAST ESP to the IDocumentFeeder times out the document operation. <br>Default: 60]]>
      </description>
      <value>60</value>
    </parameter>
    <parameter name="Priority" type="integer">
      <description>
        <![CDATA[Priority of the feeding. Highest value is 0. Use positive values, so e.g., 5 is a lower value than 2. <br>Default: 0 ]]>
      </description>
      <value>0</value>
    </parameter>
    <parameter name="ActuallyPublish" type="boolean">
      <description>
        <![CDATA[If true, actually submit the documents to ESP. <br>Default: true ]]>
      </description>
      <value>true</value>
    </parameter>
    <parameter name="UseSSL" type="boolean">
      <description>
        <![CDATA[If true, use SSL in communication with content distributors <br>Default: false]]>
      </description>
      <value>false</value>
    </parameter>
    <parameter name="SSLCertificate" type="string">
      <description>
        <![CDATA[Path to Java keystore file with client certificate. Only relevant when UseSSL=true. <br>Default: (none)]]>
      </description>
      <value></value>
    </parameter>
    <parameter name="SSLCertificatePassword" type="string">
      <description>
        <![CDATA[Password for the certificate file. Only relevant when UseSSL=true. <br>Default: (none)]]>
      </description>
      <value></value>
    </parameter>
    <parameter name="CallbackType" type="string">
      <description>
        <![CDATA[The callback type used against ESP: Processed, Secured, Live. Processed means document processing completed. Secured means persisted on disk and ready for indexing. Live means indexing completed. <br>Default: Secured]]>
      </description>
      <value>Secured</value>
    </parameter>
    <parameter name="DelayESPFeederInit" type="boolean">
      <description>
        <![CDATA[If true, initialization of the ESP connection will only be done with the first document that is published. <br>Default: false ]]>
      </description>
      <value>false</value>
    </parameter>
  </group>

  <group name="FASTXMLExport" expand="no">
    <description>
      <![CDATA[The parameters in the "FASTXMLExport" group are defining values regarding export to FASTXML formatted file(s)  ]]>
    </description>
    <parameter name="ExportFASTXML" type="boolean">
      <description>
        <![CDATA[If true, export all documents as FASTXML. <br>Default: false ]]>
      </description>
      <value>false</value>
    </parameter>
    <parameter name="FASTXMLBatchSize" type="integer">
      <description>
        <![CDATA[Number of FASTXML documents per file. <br>Default: 50]]>
      </description>
      <value>50</value>
    </parameter>
    <parameter name="FASTXMLPrettyPrint" type="boolean">
      <description>
        <![CDATA[If true, pretty prints the output (makes it more readable). <br>Default: true ]]>
      </description>
      <value>true</value>
    </parameter>
    <parameter name="FASTXMLBinaryFields" type="string">
      <description>
        <![CDATA[Semi colon separated list of field names of binary fields. Will be BASE64 encoded in the FASTXML. <br>Default: data]]>
      </description>
      <value>data</value>
    </parameter>
  </group>

  <group name="Normalization" expand="no">
    <description>
      <![CDATA[The parameters in the "Normalization" group specify more details on how records should be normalized before they are submitted to FAST ESP (please see the connector documentation for more info)  ]]>
    </description>
    <parameter name="FieldMappings" type="string">
      <description>
        <![CDATA[This is a list of field name pairs of the form field1:mapto1;field2:mapto2 etc. <br> The field names on the left side of each pair must match what is returned from the SELECT statement.<br> The mappings take precendence before the conversion that is done by setting Normalization/GetValidFieldNames to true.<br>Default: (none)]]>
      </description>
      <value>ProductID:ngproductid;BTKEY:ngbtkey;ISBN:ngisbn;ISBN10:ngisbn10;UPC:ngupc;ProductStatus:ngproductstatus;LCCN:nglccn;Title:ngtitle;ProductCode:ngproductcode;ProductType:ngproducttype;IncludedFormats:ngincludedformats;Audience:ngaudience;DeweyPrefix:ngdeweyprefix;DeweyRange:ngdeweyrange;LCClassPrefix:nglcclassprefix;Publisher:ngpublisher;LanguageCode:nglanguagecode;BisacSubjects:ngbisacsubject;PublicationDate:ngpubdate;MerchandisingCategory:ngmerchcategory;ResponsiblePartyPrimary:ngresponsiblepartyprimary;ResponsiblePartys:ngresponsiblepartys;EContentPlatform:ngecontentplatform;ListPrice:nglistprice;Edition:ngedition;ReadingCount:ngreadingcount;AcceleratedReader:ngacceleratedreader;Label:nglabel;MovieGenre:ngmoviegenre;MusicGenre:ngmusicgenre;Rating:ngrating;MarketCode:ngmarketcode;Series:ngseries;Biographies:ngbiographies;TOCs:ngtocs;Reviews:ngreviewtext;Annotations:ngannotations;HasAnnotation:nghasannotation;HasBiography:nghasbiography;HasExcerpt:nghasexcerpt;HasFlap:nghasflap;HasJacket:nghasjacket;HasReview:nghasreview;HasTOC:nghastoc;HasDemandHistory:nghasdemandhistory;HasCPSIAWarning:nghascpsiawarning;HasMuze:nghasmuze;HasCitiation:nghascitation;HasAward:nghasaward;BTKEY:id;DeweyNormalized:ngdeweynormalized;DeweyNative:ngdeweynative;VolumeNumber:ngvolumenumber;OCLCControlNumber:ngoclccontrolnumber;LeadingArticle:ngleadingarticle;SubTitle:ngsubtitle;ReturnIndicator:ngreturnindicator;FormatCode:ngformatcode;FormatLiteral:ngformatliteral;LCClass:nglcclass;LanguageLiteral:nglanguageliteral;BisacSubject1:ngbisacsubject1;StreetDate:ngstreetdate;SearchDate:ngsearchdate;ReviewPublicationCodes:ngreviewpublicationcodes;ReviewPublicationLiterals:ngreviewpublicationliterals;ReportCode:ngreportcode;LexilePrefix:nglexileprefix;LexileValue:nglexilevalue;ProductLine:ngproductline;PublicationRange:ngpublicationrange;DemandWeight:ngdemandweight;InventoryWeight:nginventoryweight;ParentalAdvisory:ngparentaladvisory;Studio:ngstudio;BookTypeCode:ngbooktypecode;BookTypeLiteral:ngbooktypeliteral;ProductFeatures:ngproductfeatures;ProductCatalog:ngproductcatalog;AcceptableDiscount:ngacceptablediscount;PreOrderDate:ngpreorderdate;Album:ngalbum;Actor:ngactor;Illustrator:ngillustrator;Narrator:ngnarrator;Supplier:ngsupplier;ShortTitle:ngshorttitle;GeneralSubjects:nggeneralsubjects;PrimaryAttributes:ngprimaryattributes;Awards:ngawards;Bibliographies:ngbibliographies;ContinuationsSeries:ngcontinuationseries;HasAcceleratedReader:nghasacceleratedreader;HasReadingCounts:nghasreadingcounts;BTEKey:ngbtekey;AcademicSubjects:ngacademicsubjects;LibrarySubjects:nglibrarysubjects;MaketRestriction:ngmarketrestrictioncode</value>
    </parameter>
    <parameter name="FixedFields" type="string">
      <description>
        <![CDATA[This is a list of field names/value pairs of the form field1:value1;field2:value2 etc. <br>Default: (none)]]>
      </description>
      <value>size:1000</value>
    </parameter>
    <parameter name="GetValidFieldNames" type="boolean">
      <description>
        <![CDATA[Converts field names to legal field names (accepted in index profile) by removing all non alphanumeric charaters and lower casing the input. <br>Default: true ]]>
      </description>
      <value>true</value>
    </parameter>
  </group>

  <group name="ChangeDetection" expand="no">
    <description>
      <![CDATA[The parameters in the "ChangeDetection" group specify how to detect changes  in the database since last feeding from the database(s), using row checksums  ]]>
    </description>
    <parameter name="ChangeDBDBMS" type="string">
      <description>
        <![CDATA[One of Hypersonic, Oracle, MySQL, SQLServer. Leave empty if no checksum based change detection is to be used. <br>Default: (none)]]>
      </description>
      <value></value>
    </parameter>
    <parameter name="ChangeDBJdbcDriver" type="string">
      <description>
        <![CDATA[JDBC driver class name for use with checksum db.  See JDBC driver documentation.  Supported: <br>Hypersonic (use empty value)<br>Oracle: oracle.jdbc.driver.OracleDriver <br>MS SQL 2k: com.microsoft.jdbc.sqlserver.SQLServerDriver <br>MySQL: com.mysql.jdbc.Driver <br>Default: (none)]]>
      </description>
      <value></value>
    </parameter>
    <parameter name="ChangeDBJdbcUrl" type="string">
      <description>
        <![CDATA[JDBC URL.  See JDBC driver documentation for format. Supported dbms: <br>Hypersonic: Leave empty<br>Oracle: jdbc:oracle:thin:@yourServerHere:1521:yourDataBaseNameHere <br> MS SQL 2k: jdbc:microsoft:sqlserver://yourServerHere:1433;DatabaseName=yourDataBaseNameHere <br>MS SQL 2005:   jdbc:sqlserver://yourServerHere:<port>;database=yourInstanceHere (default port is 1433) <br>MySQL: jdbc:mysql://<server>:3306/<database> <br>Default: (none)]]>
      </description>
      <value></value>
    </parameter>
    <parameter name="ChangeDBTableName" type="string">
      <description>
        <![CDATA[Name of the table to be created with the checksum data. <br>Example: changehash_ <br>Default: (changehash_)]]>
      </description>
      <value>changehash_</value>
    </parameter>
    <parameter name="UseMSSQLIntegratedAuthentication" type="boolean">
      <description>
        <![CDATA[If the change DBMS is SQLServer(i.e. parameter 'ChangeDBDBMS' is set to SQLServer ), should the connector use MS SQLServer integrated autentication. In such a case the connector needs to run under Windows platfrom and the user running the connector needs to be listed as authrorized user in the SQL Server DbMS.
					If set to true you may leave parmeter ChangeDBUsername, and ChangeDBPassword empty.
					Also if set to true the parameter 'ChangeDBJdbcUrl' needs not to be appended with "integratedsecurity=true" (This is handled by connector itself).<br>Default: (false)]]>
      </description>
      <value>false</value>
    </parameter>
    <parameter name="ChangeDBUsername" type="string">
      <description>
        <![CDATA[User name for accessing the checksum database. Leave empty if Hypersonic is used.  <br>Default: (none)]]>
      </description>
      <value></value>
    </parameter>
    <parameter name="ChangeDBPassword" type="string">
      <description>
        <![CDATA[Password for accessing the checksum database. Leave empty if Hypersonic is used.  <br>Default: (none)]]>
      </description>
      <value></value>
    </parameter>
    <parameter name="ChangeDBPurge" type="boolean">
      <description>
        <![CDATA[If true, will delete all entries in the checksum database on startup. <br>Default: false ]]>
      </description>
      <value>false</value>
    </parameter>
    <parameter name="ChangeDBAbortPercent" type="integer">
      <description>
        <![CDATA[When using checksum based change detection, this value defines the maximum percentage of accepted deleted records in the source.  If a higher percentage of deletions is observed during a run, this is considered an error situation, and no changes are performed to the ESP collection. <br>Default: 10]]>
      </description>
      <value>10</value>
    </parameter>
    <parameter name="ChangeDBIncludeFields" type="string">
      <description>
        <![CDATA[A semi colon separated list of field names that are to be included in the checksum computations. <br>Default: (none)]]>
      </description>
      <value></value>
    </parameter>
    <parameter name="ChangeDBExcludeFields" type="string">
      <description>
        <![CDATA[A semi colon separated list of field names that are to be excluded from the checksum computations. If present, these take precedence over the include field list. As an example, if one knows that only the metadata of a document may change, not the binary content, one can exclude the data element from the computations.  <br>Default: (none)]]>
      </description>
      <value></value>
    </parameter>
  </group>

  <group name="ConnectorExecution" expand="no">
    <description>
      <![CDATA[The parameters in the "ConnectorExecution" group specify general values used during execution of the connector  ]]>
    </description>
    <parameter name="QueueSize" type="integer">
      <description>
        <![CDATA[Queue size for internal queue of documents. <br>Default: 200, Range: 1 - 10000]]>
      </description>
      <range>1-10000</range>
      <value>200</value>
    </parameter>
    <parameter name="WorkFolder" type="string">
      <description>
        <![CDATA[The work folder for all output. Used in combination with the collection name to create a folder for output, if this does not exist. <br>Default: ./]]>
      </description>
      <value>./</value>
    </parameter>
    <parameter name="SucceededDocsLog" type="string">
      <description>
        <![CDATA[File name (no path) for file that will contain identifiers of succeeded documents, e.g., succeeded.txt. Leave empty if no logging is required. <br>Default: (none)]]>
      </description>
      <value></value>
    </parameter>
    <parameter name="FailedDocsLog" type="string">
      <description>
        <![CDATA[File name (no path) for file that will contain identifiers of failed documents, e.g., failed.txt. Leave empty if no logging is required <br>Default: (none)]]>
      </description>
      <value></value>
    </parameter>
    <parameter name="RememberUniqueIds" type="boolean">
      <description>
        <![CDATA[If true, each document that is processed by the publisher is checked against the known identifiers from this execution. If the identifier of the document has been seen before, a log warning is added about this. <br>Default: false ]]>
      </description>
      <value>false</value>
    </parameter>
    <parameter name="InitPublishers" type="integer">
      <description>
        <![CDATA[Initial number of publisher threads. <br>Default: 1]]>
      </description>
      <value>1</value>
    </parameter>
    <parameter name="MaxPublishers" type="integer">
      <description>
        <![CDATA[Maximum number of publisher threads. Note that if the number is higher than 1, there is no guarantee that documents are delivered to ESP in the same order as they are extracted from the database. <br>Default: 1]]>
      </description>
      <value>1</value>
    </parameter>
    <parameter name="DocumentLoggingFrequency" type="integer">
      <description>
        <![CDATA[The connector will log each DocumentLoggingFrequency documents it is processing. <br>Default: 20000]]>
      </description>
      <value>20000</value>
    </parameter>
    <parameter name="AutoThreadControl" type="boolean">
      <description>
        <![CDATA[If true, optimizes thread usage automatically. Otherwise threads are left at initial numbers or must be managed from the outside. <br>Default: false]]>
      </description>
      <value>false</value>
    </parameter>
    <parameter name="ThreadSampleInterval" type="integer">
      <description>
        <![CDATA[Sampling interval for thread optimization in milliseconds. Set to low value in order to have more frequent status checks. <br>Default: 30000]]>
      </description>
      <value>30000</value>
    </parameter>
    <parameter name="NumAdapters" type="integer" hidden="yes">
      <description>
        <![CDATA[Number of adapter threads to be used. Only makes sense if a task splitter is used, so that multiple tasks can be run concurrently. <br>Default: 1]]>
      </description>
      <value>1</value>
    </parameter>
  </group>

  <group name="IncrementalUpdateServer" expand="no">
    <description>
      <![CDATA[The arguments in the "IncrementalUpdateServer" group is defining how the connector could be set up for automatic detection and refeed when changes occur in the source database ]]>
    </description>
    <parameter name="HTTPServerPort" type="integer">
      <description>
        <![CDATA[When using the server mode adapter, this is the port that the server listens to. <br>Default: (none)]]>
      </description>
      <value>0</value>
    </parameter>
    <parameter name="HTTPServerStopPassword" type="string">
      <description>
        <![CDATA[When using the server mode adapter, a password must be provided to stop the HTTPServer. <br>Default: (none)]]>
      </description>
      <value></value>
    </parameter>
  </group>

  <group name="StatusTableUpdate" expand="no">
    <description>
      <![CDATA[The parameters in the "StatusTableUpdate" group are setting up properties for an optional status table.]]>
    </description>
    <parameter name="UseJDBCCallbackAction" type="boolean">
      <description>
        <![CDATA[If true, will execute the configured SQL for succeeded/failed documents. <br>Default: false ]]>
      </description>
      <value>false</value>
    </parameter>
    <parameter name="PostSQLSuccess" type="list" separator=";">
      <description>
        <![CDATA[SQL statement list that will be executed for a successful document. It should include the token %PRIMARYKEY%. This token will be replaced by the document identifier before the statement is executed. <br>Default: (none)]]>
      </description>
      <value></value>
    </parameter>
    <parameter name="PostSQLFailed" type="list" separator=";">
      <description>
        <![CDATA[SQL statement list that will be executed for a failed document. It should include the token %PRIMARYKEY%. This token will be replaced by the document identifier before the statement is executed. <br>Default: (none)]]>
      </description>
      <value>procFASTSetNextGenProductsRowFailure %PRIMARYKEY%</value>
    </parameter>
    <parameter name="JDBCDriver" type="string">
      <description>
        <![CDATA[JDBC driver class name, see JDBC driver documentation. Examples: <br>Oracle: oracle.jdbc.driver.OracleDriver <br>MS SQL 2k: com.microsoft.jdbc.sqlserver.SQLServerDriver <br>MySQL: com.mysql.jdbc.Driver <br>Default: (none)]]>
      </description>
      <value><![CDATA[com.microsoft.sqlserver.jdbc.SQLServerDriver]]></value>
    </parameter>
    <parameter name="JDBCUrl" type="string">
      <description>
        <![CDATA[JDBC URL. See JDBC driver documentation for format. Examples: <br>Oracle: jdbc:oracle:thin:@<server>:1521:<dbname> <br>MS SQL 2k: jdbc:microsoft:sqlserver://<server>:1433;DatabaseName=<dbname> <br>MySQL: jdbc:mysql://<server>:3306/<database> <br>Default: (none)]]>
      </description>
      <value><![CDATA[jdbc:sqlserver://128.11.98.245:1440;instanceName=REPOSITORYR11;DatabaseName=ProductCatalog;integratedSecurity=true]]></value>
    </parameter>
    <parameter name="JDBCUsername" type="string">
      <description>
        <![CDATA[User name for accessing the database. <br>Default: (none)]]>
      </description>
      <value></value>
    </parameter>
    <parameter name="JDBCPassword" type="string">
      <description>
        <![CDATA[Password for accessing the database. <br>Default: (none)]]>
      </description>
      <value></value>
    </parameter>
  </group>

</FastConfig>
