﻿<?xml version="1.0" encoding="utf-8" ?>
<Elements xmlns="http://schemas.microsoft.com/sharepoint/">
  <Receivers ListTemplateId="100">
    <Receiver>
      <Name>AddingEventHandler</Name>
      <Type>ItemAdding</Type>
      <SequenceNumber>10000</SequenceNumber>
      <Assembly>BTNextGen.Commerce.Portal.ChannelConfiguration, Version=1.0.0.0, Culture=neutral, PublicKeyToken=aae20afbbe14a27c</Assembly>
      <Class>BTNextGen.Commerce.Portal.ChannelConfiguration.ChannelConfigurationListEventReceiver</Class>
      <Data></Data>
      <Filter></Filter>
    </Receiver>
    <Receiver>
      <Name>UpdatingEventHandler</Name>
      <Type>ItemUpdating</Type>
      <SequenceNumber>10001</SequenceNumber>
      <Assembly>BTNextGen.Commerce.Portal.ChannelConfiguration, Version=1.0.0.0, Culture=neutral, PublicKeyToken=aae20afbbe14a27c</Assembly>
      <Class>BTNextGen.Commerce.Portal.ChannelConfiguration.ChannelConfigurationListEventReceiver</Class>
      <Data></Data>
      <Filter></Filter>
    </Receiver>
    <Receiver>
      <Name>DeletingEventHandler</Name>
      <Type>ItemDeleting</Type>
      <SequenceNumber>10002</SequenceNumber>
      <Assembly>BTNextGen.Commerce.Portal.ChannelConfiguration, Version=1.0.0.0, Culture=neutral, PublicKeyToken=aae20afbbe14a27c</Assembly>
      <Class>BTNextGen.Commerce.Portal.ChannelConfiguration.ChannelConfigurationListEventReceiver</Class>
      <Data></Data>
      <Filter></Filter>
    </Receiver>
  </Receivers>
</Elements>